{"type": "Collection Version", "uuid": "45254", "id": "SET", "short_code": "GSOCLABSET", "name": "LABSET", "full_name": "GSOCLABSET", "description": "SET", "collection_type": "Dictionary", "custom_validation_schema": "OpenMRS", "public_access": "View", "default_locale": "en", "supported_locales": ["en"], "website": "http://labset/AAA", "url": "/users/mozzy/collections/GSOCLABSET/", "owner": "mozzy", "owner_type": "User", "owner_url": "/users/mozzy/", "version_url": "/users/mozzy/collections/GSOCLABSET/SET/", "previous_version_url": "/users/mozzy/collections/GSOCLABSET/", "created_on": "2025-09-02T06:01:54.793599Z", "updated_on": "2025-09-02T06:01:55.277269Z", "created_by": "mozzy", "updated_by": "mozzy", "extras": {}, "external_id": "LABSETAAAAA", "version": "SET", "concepts_url": "/users/mozzy/collections/GSOCLABSET/SET/concepts/", "mappings_url": "/users/mozzy/collections/GSOCLABSET/SET/mappings/", "expansions_url": "/users/mozzy/collections/GSOCLABSET/SET/expansions/", "is_processing": true, "released": true, "retired": false, "canonical_url": null, "identifier": {}, "publisher": null, "contact": {}, "jurisdiction": {}, "purpose": null, "copyright": null, "meta": null, "immutable": null, "revision_date": null, "text": null, "experimental": null, "locked_date": null, "autoexpand": true, "expansion_url": "/users/mozzy/collections/GSOCLABSET/SET/expansions/autoexpand-SET/", "checksums": {"smart": "e68da43dad5112bbc88b47ee3a7c92dc", "standard": "ece5951e6c666f47224f0f681a39b311"}, "collection": {"id": "GSOCLABSET", "url": "/users/mozzy/collections/GSOCLABSET/", "meta": null, "name": "LABSET", "text": null, "type": "Collection", "uuid": "45253", "owner": "mozzy", "extras": {}, "contact": {}, "purpose": null, "version": "HEAD", "website": "http://labset/AAA", "logo_url": null, "checksums": {"smart": "f798e6a33bd5963e9e92588ee3b342e2", "standard": "ece5951e6c666f47224f0f681a39b311"}, "copyright": null, "full_name": "GSOCLABSET", "immutable": null, "owner_url": "/users/mozzy/", "publisher": null, "created_by": "mozzy", "created_on": "2025-09-02T05:58:21.323723Z", "identifier": {}, "owner_type": "User", "short_code": "GSOCLABSET", "updated_by": "mozzy", "updated_on": "2025-09-02T06:01:19.823042Z", "description": "LABSET", "external_id": "LABSETAAAAA", "locked_date": null, "concepts_url": "/users/mozzy/collections/GSOCLABSET/concepts/", "experimental": null, "jurisdiction": {}, "mappings_url": "/users/mozzy/collections/GSOCLABSET/mappings/", "versions_url": "/users/mozzy/collections/GSOCLABSET/versions/", "canonical_url": null, "expansion_url": "/users/mozzy/collections/GSOCLABSET/HEAD/expansions/autoexpand-HEAD/", "public_access": "View", "revision_date": null, "default_locale": "en", "expansions_url": "/users/mozzy/collections/GSOCLABSET/expansions/", "autoexpand_head": true, "collection_type": "Dictionary", "preferred_source": "", "supported_locales": ["en"], "custom_validation_schema": "OpenMRS", "custom_resources_linked_source": ""}, "concepts": [{"type": "Concept", "uuid": "8917927", "id": "SETA", "external_id": "SETAAAAAAA", "concept_class": "LabSet", "datatype": "None", "display_name": "SETA en", "display_locale": "en", "names": [{"uuid": "27768231", "name": "SETA en", "external_id": "SETA", "type": "ConceptName", "locale": "en", "locale_preferred": false, "name_type": "FULLY_SPECIFIED", "checksum": "7fc46fd428522b51d66ee78a58b5f636"}, {"uuid": "27768232", "name": "SETA fr", "external_id": null, "type": "ConceptName", "locale": "fr", "locale_preferred": false, "name_type": "FULLY_SPECIFIED", "checksum": "b089f80e1e77acb70d3b5006f91af25b"}], "descriptions": [{"uuid": "3254445", "description": "SETA", "external_id": null, "type": "ConceptDescription", "locale": "en", "locale_preferred": false, "description_type": "Definition", "checksum": "b94210136aacded70a7d7d911f106828"}], "extras": {"sample_type": "Whole Blood"}, "retired": false, "source": "GLS", "source_url": "/users/mozzy/sources/GLS/", "owner": "mozzy", "owner_name": "mozzy", "owner_url": "/users/mozzy/", "version": "8917927", "created_on": "2025-09-02T05:54:04.420410Z", "updated_on": "2025-09-02T05:54:04.424558Z", "version_created_on": "2025-09-02T05:54:04.420410Z", "version_created_by": "mozzy", "update_comment": "ff", "is_latest_version": true, "locale": null, "url": "/users/mozzy/sources/GLS/concepts/SETA/", "owner_type": "User", "version_url": "/users/mozzy/sources/GLS/concepts/SETA/8917927/", "previous_version_url": "/users/mozzy/sources/GLS/concepts/SETA/8917919/", "parent_concept_urls": [], "child_concept_urls": [], "version_updated_on": "2025-09-02T05:54:04.424558Z", "version_updated_by": "mozzy", "checksums": {"smart": "67a467ebf0526ed7abfcde0e2b212292", "standard": "ca20bab83340babec6b90f94dac15f0f"}}, {"type": "Concept", "uuid": "8917917", "id": "MEMBB", "external_id": "MEMBERBBBBBB", "concept_class": "Test", "datatype": "Text", "display_name": "MemeberB en", "display_locale": "en", "names": [{"uuid": "27768171", "name": "MemeberB en", "external_id": "MEMAA", "type": "ConceptName", "locale": "en", "locale_preferred": false, "name_type": "FULLY_SPECIFIED", "checksum": "3c1da1c1ed248974997aba5c066b85ab"}, {"uuid": "27768172", "name": "MemberB fr", "external_id": "memb", "type": "ConceptName", "locale": "fr", "locale_preferred": false, "name_type": "FULLY_SPECIFIED", "checksum": "dd6882b71dc13ade7b2ed299ae32ef46"}], "descriptions": [{"uuid": "3254421", "description": "membB", "external_id": "AAA", "type": "ConceptDescription", "locale": "en", "locale_preferred": false, "description_type": "Definition", "checksum": "bdbbe4096c167a4be3a392d87a1b37bb"}], "extras": {"sample_type": "Whole Blood", "test_section": "Hematology"}, "retired": false, "source": "GLS", "source_url": "/users/mozzy/sources/GLS/", "owner": "mozzy", "owner_name": "mozzy", "owner_url": "/users/mozzy/", "version": "8917917", "created_on": "2025-09-02T05:46:15.146905Z", "updated_on": "2025-09-02T05:46:15.152247Z", "version_created_on": "2025-09-02T05:46:15.146905Z", "version_created_by": "mozzy", "update_comment": "g", "is_latest_version": true, "locale": null, "url": "/users/mozzy/sources/GLS/concepts/MEMBB/", "owner_type": "User", "version_url": "/users/mozzy/sources/GLS/concepts/MEMBB/8917917/", "previous_version_url": "/users/mozzy/sources/GLS/concepts/MEMBB/8917916/", "parent_concept_urls": [], "child_concept_urls": [], "version_updated_on": "2025-09-02T05:46:15.152247Z", "version_updated_by": "mozzy", "checksums": {"smart": "c68fed59ed8bdbec2a42579cdc09c2eb", "standard": "ed275c682b99240ff0d57044d16f1242"}}, {"type": "Concept", "uuid": "8917914", "id": "MEMBAAAAAA", "external_id": "MEMBERAAAAAA", "concept_class": "Test", "datatype": "Text", "display_name": "MemberA en", "display_locale": "en", "names": [{"uuid": "27768163", "name": "MemberA en", "external_id": "MEM en", "type": "ConceptName", "locale": "en", "locale_preferred": true, "name_type": "FULLY_SPECIFIED", "checksum": "337249f9140ef3b087ca1a5cb395b81a"}, {"uuid": "27768164", "name": "MemebrA fr", "external_id": "MEM fr", "type": "ConceptName", "locale": "fr", "locale_preferred": false, "name_type": "FULLY_SPECIFIED", "checksum": "c676ed748b260bac880f45a130c2e681"}], "descriptions": [{"uuid": "3254417", "description": "MEMEBER", "external_id": null, "type": "ConceptDescription", "locale": "en", "locale_preferred": false, "description_type": "Definition", "checksum": "d8057a35401cb87feab63c704f8b603f"}], "extras": {"sample_type": "Whole Blood", "test_section": "Hematology"}, "retired": false, "source": "GLS", "source_url": "/users/mozzy/sources/GLS/", "owner": "mozzy", "owner_name": "mozzy", "owner_url": "/users/mozzy/", "version": "8917914", "created_on": "2025-09-02T05:43:25.955455Z", "updated_on": "2025-09-02T05:43:25.961987Z", "version_created_on": "2025-09-02T05:43:25.955455Z", "version_created_by": "mozzy", "update_comment": "ddd", "is_latest_version": true, "locale": null, "url": "/users/mozzy/sources/GLS/concepts/MEMBAAAAAA/", "owner_type": "User", "version_url": "/users/mozzy/sources/GLS/concepts/MEMBAAAAAA/8917914/", "previous_version_url": "/users/mozzy/sources/GLS/concepts/MEMBAAAAAA/8917913/", "parent_concept_urls": [], "child_concept_urls": [], "version_updated_on": "2025-09-02T05:43:25.961987Z", "version_updated_by": "mozzy", "checksums": {"smart": "e974b82d37e1530ac6e93cbd6e19adb0", "standard": "0aa95a50c3893eb3ed2b8f25a0841572"}}, {"type": "Concept", "uuid": "8917499", "id": "AAA0002", "external_id": "aaaa000", "concept_class": "Misc", "datatype": "None", "display_name": "Answer A", "display_locale": "en", "names": [{"uuid": "27767207", "name": "Answer A", "external_id": "aaaaaa", "type": "ConceptName", "locale": "en", "locale_preferred": false, "name_type": "FULLY_SPECIFIED", "checksum": "95e71d0029a0479244e984557cd2d6f6"}], "descriptions": [{"uuid": "3254358", "description": "Answer for codes", "external_id": "0000", "type": "ConceptDescription", "locale": "en", "locale_preferred": false, "description_type": "Definition", "checksum": "39d1ccf2fbc705e0d1ad5527271d8dd7"}], "extras": {}, "retired": false, "source": "GLS", "source_url": "/users/mozzy/sources/GLS/", "owner": "mozzy", "owner_name": "mozzy", "owner_url": "/users/mozzy/", "version": "8917499", "created_on": "2025-08-28T10:38:40.516235Z", "updated_on": "2025-08-28T10:38:40.519714Z", "version_created_on": "2025-08-28T10:38:40.516235Z", "version_created_by": "mozzy", "update_comment": "ss", "is_latest_version": true, "locale": null, "url": "/users/mozzy/sources/GLS/concepts/AAA0002/", "owner_type": "User", "version_url": "/users/mozzy/sources/GLS/concepts/AAA0002/8917499/", "previous_version_url": "/users/mozzy/sources/GLS/concepts/AAA0002/8917363/", "parent_concept_urls": [], "child_concept_urls": [], "version_updated_on": "2025-08-28T10:38:40.519714Z", "version_updated_by": "mozzy", "checksums": {"smart": "d1c99acc4f310ecdc5fd5010aff5166f", "standard": "8d61b8a8b7e32c7c1892752f4aa8c5fa"}}, {"type": "Concept", "uuid": "8917498", "id": "AAAA0004", "external_id": "aaaaa", "concept_class": "Misc", "datatype": "None", "display_name": "AnwerB", "display_locale": "en", "names": [{"uuid": "27767205", "name": "AnwerB", "external_id": "aaaaaa", "type": "ConceptName", "locale": "en", "locale_preferred": false, "name_type": "FULLY_SPECIFIED", "checksum": "405ddb9bad7da53e9ed31d33fa08d8ce"}], "descriptions": [{"uuid": "3254356", "description": "Anser B", "external_id": "aaaaaaaaa", "type": "ConceptDescription", "locale": "en", "locale_preferred": false, "description_type": "", "checksum": "7780abb2a12e3b5aef2595b6bf015f21"}], "extras": {}, "retired": false, "source": "GLS", "source_url": "/users/mozzy/sources/GLS/", "owner": "mozzy", "owner_name": "mozzy", "owner_url": "/users/mozzy/", "version": "8917498", "created_on": "2025-08-28T10:38:22.816157Z", "updated_on": "2025-08-28T10:38:22.822950Z", "version_created_on": "2025-08-28T10:38:22.816157Z", "version_created_by": "mozzy", "update_comment": "s", "is_latest_version": true, "locale": null, "url": "/users/mozzy/sources/GLS/concepts/AAAA0004/", "owner_type": "User", "version_url": "/users/mozzy/sources/GLS/concepts/AAAA0004/8917498/", "previous_version_url": "/users/mozzy/sources/GLS/concepts/AAAA0004/8917367/", "parent_concept_urls": [], "child_concept_urls": [], "version_updated_on": "2025-08-28T10:38:22.822950Z", "version_updated_by": "mozzy", "checksums": {"smart": "637fa73510caf4fd3bbbc6641ce9772e", "standard": "3f5937fc7e75e37485d396c21ac311b8"}}, {"type": "Concept", "uuid": "8917497", "id": "A000002", "external_id": "aaaaaaaaaaa", "concept_class": "Test", "datatype": "Coded", "display_name": "TEST C en", "display_locale": "en", "names": [{"uuid": "27767201", "name": "TEST C en", "external_id": "aaaaaa", "type": "ConceptName", "locale": "en", "locale_preferred": false, "name_type": "FULLY_SPECIFIED", "checksum": "3233bef520adf5a082da94b1dce43132"}, {"uuid": "27767202", "name": "TEST C fr", "external_id": null, "type": "ConceptName", "locale": "fr", "locale_preferred": false, "name_type": "FULLY_SPECIFIED", "checksum": "1320cd6f1c0a0ce004411e49058c6cfb"}], "descriptions": [{"uuid": "3254354", "description": "TEST C for GSOC", "external_id": null, "type": "ConceptDescription", "locale": "en", "locale_preferred": false, "description_type": "Definition", "checksum": "ea41dc970ff3b5bd7f3f956d190be34d"}], "extras": {"sample_type": "Whole Blood", "test_section": "Hematology"}, "retired": false, "source": "GLS", "source_url": "/users/mozzy/sources/GLS/", "owner": "mozzy", "owner_name": "mozzy", "owner_url": "/users/mozzy/", "version": "8917497", "created_on": "2025-08-28T10:37:57.883576Z", "updated_on": "2025-08-28T10:37:57.891974Z", "version_created_on": "2025-08-28T10:37:57.883576Z", "version_created_by": "mozzy", "update_comment": "d", "is_latest_version": true, "locale": null, "url": "/users/mozzy/sources/GLS/concepts/A000002/", "owner_type": "User", "version_url": "/users/mozzy/sources/GLS/concepts/A000002/8917497/", "previous_version_url": "/users/mozzy/sources/GLS/concepts/A000002/8917370/", "parent_concept_urls": [], "child_concept_urls": [], "version_updated_on": "2025-08-28T10:37:57.891974Z", "version_updated_by": "mozzy", "checksums": {"smart": "000b76e3a1bcf4dc9c1d83adbcd1d953", "standard": "30b67372b46e0f771b52d14bbad36635"}}, {"type": "Concept", "uuid": "8917496", "id": "A0001", "external_id": "A00000011", "concept_class": "Test", "datatype": "Text", "display_name": "TEST B en", "display_locale": "en", "names": [{"uuid": "27767197", "name": "TEST B en", "external_id": "aaaaaaaaa", "type": "ConceptName", "locale": "en", "locale_preferred": false, "name_type": "FULLY_SPECIFIED", "checksum": "5f4752acadc05019100250ae6d4b1b5f"}, {"uuid": "27767198", "name": "TEST B fr", "external_id": "aaaaaaa", "type": "ConceptName", "locale": "fr", "locale_preferred": false, "name_type": "FULLY_SPECIFIED", "checksum": "87f39fadd1aec00b5d64a84c3a921069"}], "descriptions": [{"uuid": "3254352", "description": "TEST B for GSOC", "external_id": "0000000", "type": "ConceptDescription", "locale": "en", "locale_preferred": false, "description_type": "FULLY_SPECIFIED", "checksum": "abaab6ee308ed978aed3ed4b6bec2791"}], "extras": {"sample_type": "Whole Blood", "test_section": "Hematology"}, "retired": false, "source": "GLS", "source_url": "/users/mozzy/sources/GLS/", "owner": "mozzy", "owner_name": "mozzy", "owner_url": "/users/mozzy/", "version": "8917496", "created_on": "2025-08-28T10:33:16.994331Z", "updated_on": "2025-08-28T10:33:16.998936Z", "version_created_on": "2025-08-28T10:33:16.994331Z", "version_created_by": "mozzy", "update_comment": "gg", "is_latest_version": true, "locale": null, "url": "/users/mozzy/sources/GLS/concepts/A0001/", "owner_type": "User", "version_url": "/users/mozzy/sources/GLS/concepts/A0001/8917496/", "previous_version_url": "/users/mozzy/sources/GLS/concepts/A0001/8917375/", "parent_concept_urls": [], "child_concept_urls": [], "version_updated_on": "2025-08-28T10:33:16.998936Z", "version_updated_by": "mozzy", "checksums": {"smart": "524bc233f4b069693e615ea79b3da73b", "standard": "e5da3735d9e347082ea938ac968c6496"}}, {"type": "Concept", "uuid": "8917495", "id": "A000", "external_id": "A0000001", "concept_class": "Test", "datatype": "Numeric", "display_name": "TEST A en", "display_locale": "en", "names": [{"uuid": "27767193", "name": "TEST A en", "external_id": "aaaaaa", "type": "ConceptName", "locale": "en", "locale_preferred": false, "name_type": "FULLY_SPECIFIED", "checksum": "f9562d9770ba80043aef116a8eca05d5"}, {"uuid": "27767194", "name": "TEST A fr", "external_id": "xxxxxx", "type": "ConceptName", "locale": "fr", "locale_preferred": false, "name_type": "FULLY_SPECIFIED", "checksum": "9677f274e895e875c3f99783eafcde56"}], "descriptions": [{"uuid": "3254350", "description": "TEST A for demo porpose", "external_id": null, "type": "ConceptDescription", "locale": "en", "locale_preferred": false, "description_type": "Definition", "checksum": "f41b65b04c432f66efb40c6f41d83ef5"}], "extras": {"units": "mg/dl", "hi_normal": 80, "low_normal": 20, "hi_absolute": 100, "hi_critical": 90, "sample_type": "Whole Blood", "low_absolute": 0, "low_critical": 10, "test_section": "Hematology", "allow_decimal": true}, "retired": false, "source": "GLS", "source_url": "/users/mozzy/sources/GLS/", "owner": "mozzy", "owner_name": "mozzy", "owner_url": "/users/mozzy/", "version": "8917495", "created_on": "2025-08-28T10:32:21.638332Z", "updated_on": "2025-08-28T10:32:21.651820Z", "version_created_on": "2025-08-28T10:32:21.638332Z", "version_created_by": "mozzy", "update_comment": "dd", "is_latest_version": true, "locale": null, "url": "/users/mozzy/sources/GLS/concepts/A000/", "owner_type": "User", "version_url": "/users/mozzy/sources/GLS/concepts/A000/8917495/", "previous_version_url": "/users/mozzy/sources/GLS/concepts/A000/8917376/", "parent_concept_urls": [], "child_concept_urls": [], "version_updated_on": "2025-08-28T10:32:21.651820Z", "version_updated_by": "mozzy", "checksums": {"smart": "62dfb1c1257b66bc4b223ade3815612a", "standard": "1757d888b5468e390b0a6242e334afe4"}}], "references": [{"expression": "/users/mozzy/sources/GLS/mappings/1/12804917/", "reference_type": "mappings", "id": 11788282, "last_resolved_at": "2025-09-02T06:01:55.221990Z", "uri": "/users/mozzy/collections/GSOCLABSET/SET/references/11788282/", "uuid": "11788282", "include": true, "type": "CollectionReference", "code": "1", "resource_version": null, "namespace": null, "system": "/users/mozzy/sources/GLS/", "version": null, "valueset": null, "cascade": null, "filter": null, "display": null, "created_at": "2025-09-02T06:01:55.223618Z", "updated_at": "2025-09-02T06:01:55.223631Z", "concepts": 0, "mappings": 1, "translation": "Include latest mapping \"1\" from mozzy/GLS", "transform": null}, {"expression": "/users/mozzy/sources/GLS/concepts/A000/8917495/", "reference_type": "concepts", "id": 11788281, "last_resolved_at": "2025-09-02T06:01:55.205394Z", "uri": "/users/mozzy/collections/GSOCLABSET/SET/references/11788281/", "uuid": "11788281", "include": true, "type": "CollectionReference", "code": "A000", "resource_version": null, "namespace": null, "system": "/users/mozzy/sources/GLS/", "version": null, "valueset": null, "cascade": null, "filter": null, "display": null, "created_at": "2025-09-02T06:01:55.207023Z", "updated_at": "2025-09-02T06:01:55.207037Z", "concepts": 1, "mappings": 0, "translation": "Include latest concept \"A000\" from mozzy/GLS", "transform": null}, {"expression": "/users/mozzy/sources/GLS/mappings/2/12804919/", "reference_type": "mappings", "id": 11788280, "last_resolved_at": "2025-09-02T06:01:55.185089Z", "uri": "/users/mozzy/collections/GSOCLABSET/SET/references/11788280/", "uuid": "11788280", "include": true, "type": "CollectionReference", "code": "2", "resource_version": null, "namespace": null, "system": "/users/mozzy/sources/GLS/", "version": null, "valueset": null, "cascade": null, "filter": null, "display": null, "created_at": "2025-09-02T06:01:55.186562Z", "updated_at": "2025-09-02T06:01:55.186577Z", "concepts": 0, "mappings": 1, "translation": "Include latest mapping \"2\" from mozzy/GLS", "transform": null}, {"expression": "/users/mozzy/sources/GLS/concepts/A0001/8917496/", "reference_type": "concepts", "id": 11788279, "last_resolved_at": "2025-09-02T06:01:55.169504Z", "uri": "/users/mozzy/collections/GSOCLABSET/SET/references/11788279/", "uuid": "11788279", "include": true, "type": "CollectionReference", "code": "A0001", "resource_version": null, "namespace": null, "system": "/users/mozzy/sources/GLS/", "version": null, "valueset": null, "cascade": null, "filter": null, "display": null, "created_at": "2025-09-02T06:01:55.171079Z", "updated_at": "2025-09-02T06:01:55.171093Z", "concepts": 1, "mappings": 0, "translation": "Include latest concept \"A0001\" from mozzy/GLS", "transform": null}, {"expression": "/users/mozzy/sources/GLS/mappings/7/12804929/", "reference_type": "mappings", "id": 11788278, "last_resolved_at": "2025-09-02T06:01:55.153321Z", "uri": "/users/mozzy/collections/GSOCLABSET/SET/references/11788278/", "uuid": "11788278", "include": true, "type": "CollectionReference", "code": "7", "resource_version": null, "namespace": null, "system": "/users/mozzy/sources/GLS/", "version": null, "valueset": null, "cascade": null, "filter": null, "display": null, "created_at": "2025-09-02T06:01:55.154862Z", "updated_at": "2025-09-02T06:01:55.154875Z", "concepts": 0, "mappings": 1, "translation": "Include latest mapping \"7\" from mozzy/GLS", "transform": null}, {"expression": "/users/mozzy/sources/GLS/mappings/6/12804927/", "reference_type": "mappings", "id": 11788277, "last_resolved_at": "2025-09-02T06:01:55.136894Z", "uri": "/users/mozzy/collections/GSOCLABSET/SET/references/11788277/", "uuid": "11788277", "include": true, "type": "CollectionReference", "code": "6", "resource_version": null, "namespace": null, "system": "/users/mozzy/sources/GLS/", "version": null, "valueset": null, "cascade": null, "filter": null, "display": null, "created_at": "2025-09-02T06:01:55.138612Z", "updated_at": "2025-09-02T06:01:55.138628Z", "concepts": 0, "mappings": 1, "translation": "Include latest mapping \"6\" from mozzy/GLS", "transform": null}, {"expression": "/users/mozzy/sources/GLS/mappings/3/12804921/", "reference_type": "mappings", "id": 11788276, "last_resolved_at": "2025-09-02T06:01:55.120285Z", "uri": "/users/mozzy/collections/GSOCLABSET/SET/references/11788276/", "uuid": "11788276", "include": true, "type": "CollectionReference", "code": "3", "resource_version": null, "namespace": null, "system": "/users/mozzy/sources/GLS/", "version": null, "valueset": null, "cascade": null, "filter": null, "display": null, "created_at": "2025-09-02T06:01:55.121835Z", "updated_at": "2025-09-02T06:01:55.121850Z", "concepts": 0, "mappings": 1, "translation": "Include latest mapping \"3\" from mozzy/GLS", "transform": null}, {"expression": "/users/mozzy/sources/GLS/concepts/A000002/8917497/", "reference_type": "concepts", "id": 11788275, "last_resolved_at": "2025-09-02T06:01:55.101759Z", "uri": "/users/mozzy/collections/GSOCLABSET/SET/references/11788275/", "uuid": "11788275", "include": true, "type": "CollectionReference", "code": "A000002", "resource_version": null, "namespace": null, "system": "/users/mozzy/sources/GLS/", "version": null, "valueset": null, "cascade": null, "filter": null, "display": null, "created_at": "2025-09-02T06:01:55.103403Z", "updated_at": "2025-09-02T06:01:55.103417Z", "concepts": 1, "mappings": 0, "translation": "Include latest concept \"A000002\" from mozzy/GLS", "transform": null}, {"expression": "/users/mozzy/sources/GLS/mappings/5/12804925/", "reference_type": "mappings", "id": 11788274, "last_resolved_at": "2025-09-02T06:01:55.080781Z", "uri": "/users/mozzy/collections/GSOCLABSET/SET/references/11788274/", "uuid": "11788274", "include": true, "type": "CollectionReference", "code": "5", "resource_version": null, "namespace": null, "system": "/users/mozzy/sources/GLS/", "version": null, "valueset": null, "cascade": null, "filter": null, "display": null, "created_at": "2025-09-02T06:01:55.082412Z", "updated_at": "2025-09-02T06:01:55.082426Z", "concepts": 0, "mappings": 1, "translation": "Include latest mapping \"5\" from mozzy/GLS", "transform": null}, {"expression": "/users/mozzy/sources/GLS/concepts/AAAA0004/8917498/", "reference_type": "concepts", "id": 11788273, "last_resolved_at": "2025-09-02T06:01:55.063027Z", "uri": "/users/mozzy/collections/GSOCLABSET/SET/references/11788273/", "uuid": "11788273", "include": true, "type": "CollectionReference", "code": "AAAA0004", "resource_version": null, "namespace": null, "system": "/users/mozzy/sources/GLS/", "version": null, "valueset": null, "cascade": null, "filter": null, "display": null, "created_at": "2025-09-02T06:01:55.064644Z", "updated_at": "2025-09-02T06:01:55.064660Z", "concepts": 1, "mappings": 0, "translation": "Include latest concept \"AAAA0004\" from mozzy/GLS", "transform": null}, {"expression": "/users/mozzy/sources/GLS/mappings/4/12804923/", "reference_type": "mappings", "id": 11788272, "last_resolved_at": "2025-09-02T06:01:55.045595Z", "uri": "/users/mozzy/collections/GSOCLABSET/SET/references/11788272/", "uuid": "11788272", "include": true, "type": "CollectionReference", "code": "4", "resource_version": null, "namespace": null, "system": "/users/mozzy/sources/GLS/", "version": null, "valueset": null, "cascade": null, "filter": null, "display": null, "created_at": "2025-09-02T06:01:55.047305Z", "updated_at": "2025-09-02T06:01:55.047320Z", "concepts": 0, "mappings": 1, "translation": "Include latest mapping \"4\" from mozzy/GLS", "transform": null}, {"expression": "/users/mozzy/sources/GLS/concepts/AAA0002/8917499/", "reference_type": "concepts", "id": 11788271, "last_resolved_at": "2025-09-02T06:01:54.997689Z", "uri": "/users/mozzy/collections/GSOCLABSET/SET/references/11788271/", "uuid": "11788271", "include": true, "type": "CollectionReference", "code": "AAA0002", "resource_version": null, "namespace": null, "system": "/users/mozzy/sources/GLS/", "version": null, "valueset": null, "cascade": null, "filter": null, "display": null, "created_at": "2025-09-02T06:01:54.999236Z", "updated_at": "2025-09-02T06:01:54.999248Z", "concepts": 1, "mappings": 0, "translation": "Include latest concept \"AAA0002\" from mozzy/GLS", "transform": null}, {"expression": "/users/mozzy/sources/GLS/mappings/12/12806797/", "reference_type": "mappings", "id": 11788270, "last_resolved_at": "2025-09-02T06:01:54.981642Z", "uri": "/users/mozzy/collections/GSOCLABSET/SET/references/11788270/", "uuid": "11788270", "include": true, "type": "CollectionReference", "code": "12", "resource_version": null, "namespace": null, "system": "/users/mozzy/sources/GLS/", "version": null, "valueset": null, "cascade": null, "filter": null, "display": null, "created_at": "2025-09-02T06:01:54.983177Z", "updated_at": "2025-09-02T06:01:54.983190Z", "concepts": 0, "mappings": 1, "translation": "Include latest mapping \"12\" from mozzy/GLS", "transform": null}, {"expression": "/users/mozzy/sources/GLS/mappings/11/12806795/", "reference_type": "mappings", "id": 11788269, "last_resolved_at": "2025-09-02T06:01:54.965538Z", "uri": "/users/mozzy/collections/GSOCLABSET/SET/references/11788269/", "uuid": "11788269", "include": true, "type": "CollectionReference", "code": "11", "resource_version": null, "namespace": null, "system": "/users/mozzy/sources/GLS/", "version": null, "valueset": null, "cascade": null, "filter": null, "display": null, "created_at": "2025-09-02T06:01:54.967134Z", "updated_at": "2025-09-02T06:01:54.967147Z", "concepts": 0, "mappings": 1, "translation": "Include latest mapping \"11\" from mozzy/GLS", "transform": null}, {"expression": "/users/mozzy/sources/GLS/mappings/10/12806749/", "reference_type": "mappings", "id": 11788268, "last_resolved_at": "2025-09-02T06:01:54.949232Z", "uri": "/users/mozzy/collections/GSOCLABSET/SET/references/11788268/", "uuid": "11788268", "include": true, "type": "CollectionReference", "code": "10", "resource_version": null, "namespace": null, "system": "/users/mozzy/sources/GLS/", "version": null, "valueset": null, "cascade": null, "filter": null, "display": null, "created_at": "2025-09-02T06:01:54.950821Z", "updated_at": "2025-09-02T06:01:54.950835Z", "concepts": 0, "mappings": 1, "translation": "Include latest mapping \"10\" from mozzy/GLS", "transform": null}, {"expression": "/users/mozzy/sources/GLS/mappings/9/12806747/", "reference_type": "mappings", "id": 11788267, "last_resolved_at": "2025-09-02T06:01:54.933038Z", "uri": "/users/mozzy/collections/GSOCLABSET/SET/references/11788267/", "uuid": "11788267", "include": true, "type": "CollectionReference", "code": "9", "resource_version": null, "namespace": null, "system": "/users/mozzy/sources/GLS/", "version": null, "valueset": null, "cascade": null, "filter": null, "display": null, "created_at": "2025-09-02T06:01:54.934550Z", "updated_at": "2025-09-02T06:01:54.934567Z", "concepts": 0, "mappings": 1, "translation": "Include latest mapping \"9\" from mozzy/GLS", "transform": null}, {"expression": "/users/mozzy/sources/GLS/mappings/8/12806745/", "reference_type": "mappings", "id": 11788266, "last_resolved_at": "2025-09-02T06:01:54.915349Z", "uri": "/users/mozzy/collections/GSOCLABSET/SET/references/11788266/", "uuid": "11788266", "include": true, "type": "CollectionReference", "code": "8", "resource_version": null, "namespace": null, "system": "/users/mozzy/sources/GLS/", "version": null, "valueset": null, "cascade": null, "filter": null, "display": null, "created_at": "2025-09-02T06:01:54.916928Z", "updated_at": "2025-09-02T06:01:54.916942Z", "concepts": 0, "mappings": 1, "translation": "Include latest mapping \"8\" from mozzy/GLS", "transform": null}, {"expression": "/users/mozzy/sources/GLS/concepts/SETA/8917927/", "reference_type": "concepts", "id": 11788265, "last_resolved_at": "2025-09-02T06:01:54.898605Z", "uri": "/users/mozzy/collections/GSOCLABSET/SET/references/11788265/", "uuid": "11788265", "include": true, "type": "CollectionReference", "code": "SETA", "resource_version": null, "namespace": null, "system": "/users/mozzy/sources/GLS/", "version": null, "valueset": null, "cascade": null, "filter": null, "display": null, "created_at": "2025-09-02T06:01:54.900054Z", "updated_at": "2025-09-02T06:01:54.900068Z", "concepts": 1, "mappings": 0, "translation": "Include latest concept \"SETA\" from mozzy/GLS", "transform": null}, {"expression": "/users/mozzy/sources/GLS/concepts/MEMBB/8917917/", "reference_type": "concepts", "id": 11788264, "last_resolved_at": "2025-09-02T06:01:54.882945Z", "uri": "/users/mozzy/collections/GSOCLABSET/SET/references/11788264/", "uuid": "11788264", "include": true, "type": "CollectionReference", "code": "MEMBB", "resource_version": null, "namespace": null, "system": "/users/mozzy/sources/GLS/", "version": null, "valueset": null, "cascade": null, "filter": null, "display": null, "created_at": "2025-09-02T06:01:54.884448Z", "updated_at": "2025-09-02T06:01:54.884462Z", "concepts": 1, "mappings": 0, "translation": "Include latest concept \"MEMBB\" from mozzy/GLS", "transform": null}, {"expression": "/users/mozzy/sources/GLS/concepts/MEMBAAAAAA/8917914/", "reference_type": "concepts", "id": 11788263, "last_resolved_at": "2025-09-02T06:01:54.864749Z", "uri": "/users/mozzy/collections/GSOCLABSET/SET/references/11788263/", "uuid": "11788263", "include": true, "type": "CollectionReference", "code": "MEMBAAAAAA", "resource_version": null, "namespace": null, "system": "/users/mozzy/sources/GLS/", "version": null, "valueset": null, "cascade": null, "filter": null, "display": null, "created_at": "2025-09-02T06:01:54.866246Z", "updated_at": "2025-09-02T06:01:54.866260Z", "concepts": 1, "mappings": 0, "translation": "Include latest concept \"MEMBAAAAAA\" from mozzy/GLS", "transform": null}], "mappings": [{"extras": {}, "checksums": {"smart": "ce540952ce1276436ab15e9e99d295bf", "standard": "912d3fdb96376cfd9519bfbf394834be"}, "external_id": null, "retired": false, "map_type": "CONCEPT-SET", "source": "GLS", "owner": "mozzy", "owner_type": "User", "from_concept_code": "SETA", "from_concept_name": null, "from_concept_url": "/users/mozzy/sources/GLS/concepts/SETA/", "to_concept_code": "MEMBB", "to_concept_name": null, "to_concept_url": "/users/mozzy/sources/GLS/concepts/MEMBB/", "from_source_owner": "mozzy", "from_source_owner_type": "User", "from_source_url": "/users/mozzy/sources/GLS/", "from_source_name": "GLS", "to_source_owner": "mozzy", "to_source_owner_type": "User", "to_source_url": "/users/mozzy/sources/GLS/", "to_source_name": "GLS", "url": "/users/mozzy/sources/GLS/mappings/12/", "version": "12806797", "id": "12", "versioned_object_id": 12806796, "versioned_object_url": "/users/mozzy/sources/GLS/mappings/12/", "is_latest_version": true, "update_comment": null, "version_url": "/users/mozzy/sources/GLS/mappings/12/12806797/", "uuid": "12806797", "version_created_on": "2025-09-02T05:55:14.502979Z", "from_source_version": null, "to_source_version": null, "from_concept_name_resolved": "SETA en", "to_concept_name_resolved": "MemeberB en", "type": "Mapping", "sort_weight": null, "version_updated_on": "2025-09-02T05:55:14.511498Z", "version_updated_by": "mozzy", "latest_source_version": "LabSET", "created_on": "2025-09-02T05:55:14.502979Z", "updated_on": "2025-09-02T05:55:14.511498Z", "created_by": "mozzy", "updated_by": "mozzy", "public_can_view": true}, {"extras": {}, "checksums": {"smart": "6c20420809ebf48769faf1da3fc79150", "standard": "09e0c8d35ec744e761ecf54c8008bec2"}, "external_id": null, "retired": false, "map_type": "CONCEPT-SET", "source": "GLS", "owner": "mozzy", "owner_type": "User", "from_concept_code": "SETA", "from_concept_name": null, "from_concept_url": "/users/mozzy/sources/GLS/concepts/SETA/", "to_concept_code": "MEMBAAAAAA", "to_concept_name": null, "to_concept_url": "/users/mozzy/sources/GLS/concepts/MEMBAAAAAA/", "from_source_owner": "mozzy", "from_source_owner_type": "User", "from_source_url": "/users/mozzy/sources/GLS/", "from_source_name": "GLS", "to_source_owner": "mozzy", "to_source_owner_type": "User", "to_source_url": "/users/mozzy/sources/GLS/", "to_source_name": "GLS", "url": "/users/mozzy/sources/GLS/mappings/11/", "version": "12806795", "id": "11", "versioned_object_id": 12806794, "versioned_object_url": "/users/mozzy/sources/GLS/mappings/11/", "is_latest_version": true, "update_comment": null, "version_url": "/users/mozzy/sources/GLS/mappings/11/12806795/", "uuid": "12806795", "version_created_on": "2025-09-02T05:54:58.657573Z", "from_source_version": null, "to_source_version": null, "from_concept_name_resolved": "SETA en", "to_concept_name_resolved": "MemberA en", "type": "Mapping", "sort_weight": null, "version_updated_on": "2025-09-02T05:54:58.670460Z", "version_updated_by": "mozzy", "latest_source_version": "LabSET", "created_on": "2025-09-02T05:54:58.657573Z", "updated_on": "2025-09-02T05:54:58.670460Z", "created_by": "mozzy", "updated_by": "mozzy", "public_can_view": true}, {"extras": {}, "checksums": {"smart": "f865de7df3732fe35049506ac6d7e0bf", "standard": "42e35717bf1c2c4478649cd448df4eae"}, "external_id": null, "retired": false, "map_type": "SAME-AS", "source": "GLS", "owner": "mozzy", "owner_type": "User", "from_concept_code": "SETA", "from_concept_name": null, "from_concept_url": "/users/mozzy/sources/GLS/concepts/SETA/", "to_concept_code": "LA28216-2", "to_concept_name": null, "to_concept_url": "/orgs/Regenstrief/sources/LOINC/concepts/LA28216-2/", "from_source_owner": "mozzy", "from_source_owner_type": "User", "from_source_url": "/users/mozzy/sources/GLS/", "from_source_name": "GLS", "to_source_owner": "Regenstrief", "to_source_owner_type": "Organization", "to_source_url": "/orgs/Regenstrief/sources/LOINC/", "to_source_name": "LOINC", "url": "/users/mozzy/sources/GLS/mappings/10/", "version": "12806749", "id": "10", "versioned_object_id": 12806748, "versioned_object_url": "/users/mozzy/sources/GLS/mappings/10/", "is_latest_version": true, "update_comment": null, "version_url": "/users/mozzy/sources/GLS/mappings/10/12806749/", "uuid": "12806749", "version_created_on": "2025-09-02T05:53:14.557395Z", "from_source_version": null, "to_source_version": null, "from_concept_name_resolved": "SETA en", "to_concept_name_resolved": "Laser ablation", "type": "Mapping", "sort_weight": null, "version_updated_on": "2025-09-02T05:53:14.564834Z", "version_updated_by": "mozzy", "latest_source_version": "LabSET", "created_on": "2025-09-02T05:53:14.557395Z", "updated_on": "2025-09-02T05:53:14.564834Z", "created_by": "mozzy", "updated_by": "mozzy", "public_can_view": true}, {"extras": {}, "checksums": {"smart": "c0ae8fb74ffc441546f0e75eaed4f3e1", "standard": "399bd49e29e918dccc2cee23b638707f"}, "external_id": null, "retired": false, "map_type": "SAME-AS", "source": "GLS", "owner": "mozzy", "owner_type": "User", "from_concept_code": "MEMBAAAAAA", "from_concept_name": null, "from_concept_url": "/users/mozzy/sources/GLS/concepts/MEMBAAAAAA/", "to_concept_code": "LA30499-0", "to_concept_name": null, "to_concept_url": "/orgs/Regenstrief/sources/LOINC/concepts/LA30499-0/", "from_source_owner": "mozzy", "from_source_owner_type": "User", "from_source_url": "/users/mozzy/sources/GLS/", "from_source_name": "GLS", "to_source_owner": "Regenstrief", "to_source_owner_type": "Organization", "to_source_url": "/orgs/Regenstrief/sources/LOINC/", "to_source_name": "LOINC", "url": "/users/mozzy/sources/GLS/mappings/9/", "version": "12806747", "id": "9", "versioned_object_id": 12806746, "versioned_object_url": "/users/mozzy/sources/GLS/mappings/9/", "is_latest_version": true, "update_comment": null, "version_url": "/users/mozzy/sources/GLS/mappings/9/12806747/", "uuid": "12806747", "version_created_on": "2025-09-02T05:48:11.920192Z", "from_source_version": null, "to_source_version": null, "from_concept_name_resolved": "MemberA en", "to_concept_name_resolved": "J shaped", "type": "Mapping", "sort_weight": null, "version_updated_on": "2025-09-02T05:48:11.932658Z", "version_updated_by": "mozzy", "latest_source_version": "LabSET", "created_on": "2025-09-02T05:48:11.920192Z", "updated_on": "2025-09-02T05:48:11.932658Z", "created_by": "mozzy", "updated_by": "mozzy", "public_can_view": true}, {"extras": {}, "checksums": {"smart": "8f7e448bd1fc2561f5d5c1c1d39c182d", "standard": "d122b99019ba92280ff6268a7b6d4586"}, "external_id": null, "retired": false, "map_type": "SAME-AS", "source": "GLS", "owner": "mozzy", "owner_type": "User", "from_concept_code": "MEMBB", "from_concept_name": null, "from_concept_url": "/users/mozzy/sources/GLS/concepts/MEMBB/", "to_concept_code": "LA14207-7", "to_concept_name": null, "to_concept_url": "/orgs/Regenstrief/sources/LOINC/concepts/LA14207-7/", "from_source_owner": "mozzy", "from_source_owner_type": "User", "from_source_url": "/users/mozzy/sources/GLS/", "from_source_name": "GLS", "to_source_owner": "Regenstrief", "to_source_owner_type": "Organization", "to_source_url": "/orgs/Regenstrief/sources/LOINC/", "to_source_name": "LOINC", "url": "/users/mozzy/sources/GLS/mappings/8/", "version": "12806745", "id": "8", "versioned_object_id": 12806744, "versioned_object_url": "/users/mozzy/sources/GLS/mappings/8/", "is_latest_version": true, "update_comment": null, "version_url": "/users/mozzy/sources/GLS/mappings/8/12806745/", "uuid": "12806745", "version_created_on": "2025-09-02T05:47:24.916187Z", "from_source_version": null, "to_source_version": null, "from_concept_name_resolved": "MemeberB en", "to_concept_name_resolved": "Ma = Manufacturer", "type": "Mapping", "sort_weight": null, "version_updated_on": "2025-09-02T05:47:24.925802Z", "version_updated_by": "mozzy", "latest_source_version": "LabSET", "created_on": "2025-09-02T05:47:24.916187Z", "updated_on": "2025-09-02T05:47:24.925802Z", "created_by": "mozzy", "updated_by": "mozzy", "public_can_view": true}, {"extras": {}, "checksums": {"smart": "9d9d0a275d2224af1c82c87d4c9f2a06", "standard": "cfeb4fa9e96ec0c0de18f2703dd6760b"}, "external_id": null, "retired": false, "map_type": "Q-AND-A", "source": "GLS", "owner": "mozzy", "owner_type": "User", "from_concept_code": "A000002", "from_concept_name": null, "from_concept_url": "/users/mozzy/sources/GLS/concepts/A000002/", "to_concept_code": "AAAA0004", "to_concept_name": null, "to_concept_url": "/users/mozzy/sources/GLS/concepts/AAAA0004/", "from_source_owner": "mozzy", "from_source_owner_type": "User", "from_source_url": "/users/mozzy/sources/GLS/", "from_source_name": "GLS", "to_source_owner": "mozzy", "to_source_owner_type": "User", "to_source_url": "/users/mozzy/sources/GLS/", "to_source_name": "GLS", "url": "/users/mozzy/sources/GLS/mappings/7/", "version": "12804929", "id": "7", "versioned_object_id": 12804928, "versioned_object_url": "/users/mozzy/sources/GLS/mappings/7/", "is_latest_version": true, "update_comment": null, "version_url": "/users/mozzy/sources/GLS/mappings/7/12804929/", "uuid": "12804929", "version_created_on": "2025-08-28T04:58:23.737934Z", "from_source_version": null, "to_source_version": null, "from_concept_name_resolved": "TEST C en", "to_concept_name_resolved": "AnwerB", "type": "Mapping", "sort_weight": null, "version_updated_on": "2025-08-28T04:58:23.744722Z", "version_updated_by": "mozzy", "latest_source_version": "LabSET", "created_on": "2025-08-28T04:58:23.737934Z", "updated_on": "2025-08-28T04:58:23.744722Z", "created_by": "mozzy", "updated_by": "mozzy", "public_can_view": true}, {"extras": {}, "checksums": {"smart": "63586d5d82f63b56a185b041bf867cc7", "standard": "6b904263cd17d13ad418c2abddb211fc"}, "external_id": null, "retired": false, "map_type": "Q-AND-A", "source": "GLS", "owner": "mozzy", "owner_type": "User", "from_concept_code": "A000002", "from_concept_name": null, "from_concept_url": "/users/mozzy/sources/GLS/concepts/A000002/", "to_concept_code": "AAA0002", "to_concept_name": null, "to_concept_url": "/users/mozzy/sources/GLS/concepts/AAA0002/", "from_source_owner": "mozzy", "from_source_owner_type": "User", "from_source_url": "/users/mozzy/sources/GLS/", "from_source_name": "GLS", "to_source_owner": "mozzy", "to_source_owner_type": "User", "to_source_url": "/users/mozzy/sources/GLS/", "to_source_name": "GLS", "url": "/users/mozzy/sources/GLS/mappings/6/", "version": "12804927", "id": "6", "versioned_object_id": 12804926, "versioned_object_url": "/users/mozzy/sources/GLS/mappings/6/", "is_latest_version": true, "update_comment": null, "version_url": "/users/mozzy/sources/GLS/mappings/6/12804927/", "uuid": "12804927", "version_created_on": "2025-08-28T04:57:49.413675Z", "from_source_version": null, "to_source_version": null, "from_concept_name_resolved": "TEST C en", "to_concept_name_resolved": "Answer A", "type": "Mapping", "sort_weight": null, "version_updated_on": "2025-08-28T04:57:49.424449Z", "version_updated_by": "mozzy", "latest_source_version": "LabSET", "created_on": "2025-08-28T04:57:49.413675Z", "updated_on": "2025-08-28T04:57:49.424449Z", "created_by": "mozzy", "updated_by": "mozzy", "public_can_view": true}, {"extras": {}, "checksums": {"smart": "db5bbab01e6f8758e7d638d86a27f22e", "standard": "03ced1ef5aeb3330bca5cbe6c39c5cb8"}, "external_id": null, "retired": false, "map_type": "SAME-AS", "source": "GLS", "owner": "mozzy", "owner_type": "User", "from_concept_code": "AAAA0004", "from_concept_name": null, "from_concept_url": "/users/mozzy/sources/GLS/concepts/AAAA0004/", "to_concept_code": "LOINC_ANSWER", "to_concept_name": null, "to_concept_url": "/orgs/Regenstrief/sources/LOINC/concepts/LOINC_ANSWER/", "from_source_owner": "mozzy", "from_source_owner_type": "User", "from_source_url": "/users/mozzy/sources/GLS/", "from_source_name": "GLS", "to_source_owner": "Regenstrief", "to_source_owner_type": "Organization", "to_source_url": "/orgs/Regenstrief/sources/LOINC/", "to_source_name": "LOINC", "url": "/users/mozzy/sources/GLS/mappings/5/", "version": "12804925", "id": "5", "versioned_object_id": 12804924, "versioned_object_url": "/users/mozzy/sources/GLS/mappings/5/", "is_latest_version": true, "update_comment": null, "version_url": "/users/mozzy/sources/GLS/mappings/5/12804925/", "uuid": "12804925", "version_created_on": "2025-08-28T04:54:46.849917Z", "from_source_version": null, "to_source_version": null, "from_concept_name_resolved": "AnwerB", "to_concept_name_resolved": "LOINC Answer", "type": "Mapping", "sort_weight": null, "version_updated_on": "2025-08-28T04:54:46.859571Z", "version_updated_by": "mozzy", "latest_source_version": "LabSET", "created_on": "2025-08-28T04:54:46.849917Z", "updated_on": "2025-08-28T04:54:46.859571Z", "created_by": "mozzy", "updated_by": "mozzy", "public_can_view": true}, {"extras": {}, "checksums": {"smart": "68c4d5338482678cabcd96d9fecae48a", "standard": "2652ab4110cf434bb135e7aae237dda3"}, "external_id": null, "retired": false, "map_type": "SAME-AS", "source": "GLS", "owner": "mozzy", "owner_type": "User", "from_concept_code": "AAA0002", "from_concept_name": null, "from_concept_url": "/users/mozzy/sources/GLS/concepts/AAA0002/", "to_concept_code": "28596-5", "to_concept_name": null, "to_concept_url": "/orgs/Regenstrief/sources/LOINC/concepts/28596-5/", "from_source_owner": "mozzy", "from_source_owner_type": "User", "from_source_url": "/users/mozzy/sources/GLS/", "from_source_name": "GLS", "to_source_owner": "Regenstrief", "to_source_owner_type": "Organization", "to_source_url": "/orgs/Regenstrief/sources/LOINC/", "to_source_name": "LOINC", "url": "/users/mozzy/sources/GLS/mappings/4/", "version": "12804923", "id": "4", "versioned_object_id": 12804922, "versioned_object_url": "/users/mozzy/sources/GLS/mappings/4/", "is_latest_version": true, "update_comment": null, "version_url": "/users/mozzy/sources/GLS/mappings/4/12804923/", "uuid": "12804923", "version_created_on": "2025-08-28T04:52:34.349039Z", "from_source_version": null, "to_source_version": null, "from_concept_name_resolved": "Answer A", "to_concept_name_resolved": "Anserine/Creatinine [Ratio] in Urine", "type": "Mapping", "sort_weight": null, "version_updated_on": "2025-08-28T04:52:34.364378Z", "version_updated_by": "mozzy", "latest_source_version": "LabSET", "created_on": "2025-08-28T04:52:34.349039Z", "updated_on": "2025-08-28T04:52:34.364378Z", "created_by": "mozzy", "updated_by": "mozzy", "public_can_view": true}, {"extras": {}, "checksums": {"smart": "ce28243a360a6ecadc5916ddd80ac894", "standard": "50502301e813789241a1990762a1cbb6"}, "external_id": null, "retired": false, "map_type": "SAME-AS", "source": "GLS", "owner": "mozzy", "owner_type": "User", "from_concept_code": "A000002", "from_concept_name": null, "from_concept_url": "/users/mozzy/sources/GLS/concepts/A000002/", "to_concept_code": "LP6550-0", "to_concept_name": null, "to_concept_url": "/orgs/Regenstrief/sources/LOINC/concepts/LP6550-0/", "from_source_owner": "mozzy", "from_source_owner_type": "User", "from_source_url": "/users/mozzy/sources/GLS/", "from_source_name": "GLS", "to_source_owner": "Regenstrief", "to_source_owner_type": "Organization", "to_source_url": "/orgs/Regenstrief/sources/LOINC/", "to_source_name": "LOINC", "url": "/users/mozzy/sources/GLS/mappings/3/", "version": "12804921", "id": "3", "versioned_object_id": 12804920, "versioned_object_url": "/users/mozzy/sources/GLS/mappings/3/", "is_latest_version": true, "update_comment": null, "version_url": "/users/mozzy/sources/GLS/mappings/3/12804921/", "uuid": "12804921", "version_created_on": "2025-08-28T04:14:32.608086Z", "from_source_version": null, "to_source_version": null, "from_concept_name_resolved": "TEST C en", "to_concept_name_resolved": "Test strip manual (LP6550-0)", "type": "Mapping", "sort_weight": null, "version_updated_on": "2025-08-28T04:14:32.624037Z", "version_updated_by": "mozzy", "latest_source_version": "LabSET", "created_on": "2025-08-28T04:14:32.608086Z", "updated_on": "2025-08-28T04:14:32.624037Z", "created_by": "mozzy", "updated_by": "mozzy", "public_can_view": true}, {"extras": {}, "checksums": {"smart": "d0c29f18189634e12b438fc2a3e05190", "standard": "8773d0ae727dcb0937a442b581796045"}, "external_id": null, "retired": false, "map_type": "SAME-AS", "source": "GLS", "owner": "mozzy", "owner_type": "User", "from_concept_code": "A0001", "from_concept_name": null, "from_concept_url": "/users/mozzy/sources/GLS/concepts/A0001/", "to_concept_code": "LA19175-1", "to_concept_name": null, "to_concept_url": "/orgs/Regenstrief/sources/LOINC/concepts/LA19175-1/", "from_source_owner": "mozzy", "from_source_owner_type": "User", "from_source_url": "/users/mozzy/sources/GLS/", "from_source_name": "GLS", "to_source_owner": "Regenstrief", "to_source_owner_type": "Organization", "to_source_url": "/orgs/Regenstrief/sources/LOINC/", "to_source_name": "LOINC", "url": "/users/mozzy/sources/GLS/mappings/2/", "version": "12804919", "id": "2", "versioned_object_id": 12804918, "versioned_object_url": "/users/mozzy/sources/GLS/mappings/2/", "is_latest_version": true, "update_comment": null, "version_url": "/users/mozzy/sources/GLS/mappings/2/12804919/", "uuid": "12804919", "version_created_on": "2025-08-28T04:13:54.863311Z", "from_source_version": null, "to_source_version": null, "from_concept_name_resolved": "TEST B en", "to_concept_name_resolved": "A & B", "type": "Mapping", "sort_weight": null, "version_updated_on": "2025-08-28T04:13:54.877802Z", "version_updated_by": "mozzy", "latest_source_version": "LabSET", "created_on": "2025-08-28T04:13:54.863311Z", "updated_on": "2025-08-28T04:13:54.877802Z", "created_by": "mozzy", "updated_by": "mozzy", "public_can_view": true}, {"extras": {}, "checksums": {"smart": "ec39ef90870bd9a7cee69f29c1d0bd70", "standard": "d8702d6ff40239836f79a05f2082400e"}, "external_id": null, "retired": false, "map_type": "SAME-AS", "source": "GLS", "owner": "mozzy", "owner_type": "User", "from_concept_code": "A000", "from_concept_name": null, "from_concept_url": "/users/mozzy/sources/GLS/concepts/A000/", "to_concept_code": "LA13546-9", "to_concept_name": null, "to_concept_url": "/orgs/Regenstrief/sources/LOINC/concepts/LA13546-9/", "from_source_owner": "mozzy", "from_source_owner_type": "User", "from_source_url": "/users/mozzy/sources/GLS/", "from_source_name": "GLS", "to_source_owner": "Regenstrief", "to_source_owner_type": "Organization", "to_source_url": "/orgs/Regenstrief/sources/LOINC/", "to_source_name": "LOINC", "url": "/users/mozzy/sources/GLS/mappings/1/", "version": "12804917", "id": "1", "versioned_object_id": 12804916, "versioned_object_url": "/users/mozzy/sources/GLS/mappings/1/", "is_latest_version": true, "update_comment": null, "version_url": "/users/mozzy/sources/GLS/mappings/1/12804917/", "uuid": "12804917", "version_created_on": "2025-08-28T03:52:04.917565Z", "from_source_version": null, "to_source_version": null, "from_concept_name_resolved": "TEST A en", "to_concept_name_resolved": "Test not performed", "type": "Mapping", "sort_weight": null, "version_updated_on": "2025-08-28T03:52:04.934323Z", "version_updated_by": "mozzy", "latest_source_version": "LabSET", "created_on": "2025-08-28T03:52:04.917565Z", "updated_on": "2025-08-28T03:52:04.934323Z", "created_by": "mozzy", "updated_by": "mozzy", "public_can_view": true}], "export_time": "7.61secs"}